Компания,Сайт,Телефон,Email,Регион,Город,Специализация,Контактное лицо,Должность,Комментарий
"ТД ПСН (ПалладаСтройНеруд)",td-psn.ru,"+7 (812) 982-80-82","b.badmaev@td-psn.ru, a.smuglov@td-psn.ru",Санкт-Петербург,СПб,"Нерудные материалы, асфальт, противогололёдные реагенты","Бадмаев Б., Смуглов А.","Отдел продаж, Сотрудничество","Офис: пн-пт 09:00-18:00, отдел доставки до 22:00"
"СтройРесурс",,"","",Санкт-Петербург,СПб,"Щебень, песок, ЩПС","","","Найти на сайте"
"НеруднКомплект",,"","",Санкт-Петербург,СПб,"Доставка нерудных материалов","","","Найти на сайте"
"ГрунтСервис",,"","",Санкт-Петербург,СПб,"Грунт, песок, щебень","","","Найти на сайте"
"СтройТрансКомплект",,"","",Тольятти,Тольятти,"Нерудные материалы","","","Найти на сайте"
"Самарские нерудные материалы",,"","",Самара,Самара,"Щебень, песок, ЩПС","","","Найти на сайте"
"ВолгаСтройРесурс",,"","",Самара,Самара,"Доставка стройматериалов","","","Найти на сайте"
"ТрансНеруд",,"","",Тольятти,Тольятти,"Песок, щебень, грунт","","","Найти на сайте"

