product,type,subtype1,subtype2,measurement_unit,price_per_unit,bulk_density,price_per_ton,pickup_address,supplier_address,,,,,,,,,,,,,,,,,
Щебень,гранитный,,5-20,куб,1400,"1,32","1060,61",Петронеруд,"60.577807, 29.079648",,,,,,,,,,,,,,,,,
Щебень,гранитный,,20-40,куб,1050,"1,32","795,45",Петронеруд,"60.577807, 29.079648",,,,,,,,,,,,,,,,,
Щебень,гранитный,,40-70,куб,1050,"1,3","807,69",Петронеруд,"60.577807, 29.079648",,,,,,,,,,,,,,,,,
ЩПС,,,0-40,куб,650,"1,58","411,39",Петронеруд,"60.577807, 29.079648",,,,,,,,,,,,,,,,,
ЩПС,,,0-80,куб,700,"1,59","440,25",Петронеруд,"60.577807, 29.079648",,,,,,,,,,,,,,,,,
Отсев,,,0-5,куб,200,"1,4","142,86",Петронеруд,"60.577807, 29.079648",,,,,,,,,,,,,,,,,
Отсев,,,0-20,куб,0,"1,45","0,00",Петронеруд,"60.577807, 29.079648",,,,,,,,,,,,,,,,,
Щебень,гранитный,,4-8,куб,1974,"1,41","1400,00",Петронеруд,"60.577807, 29.079648",,,,,,,,,,,,,,,,,
Щебень,гранитный,,5-10,куб,1988,"1,42","1400,00",Петронеруд,"60.577807, 29.079648",,,,,,,,,,,,,,,,,
Щебень,гранитный,,"8-11,2",куб,1918,"1,37","1400,00",Петронеруд,"60.577807, 29.079648",,,,,,,,,,,,,,,,,
Отсев,,,0-4,куб,252,"1,4","180,00",Петронеруд,"60.577807, 29.079648",,,,,,,,,,,,,,,,,
Щебень,гранитный,,5-20,куб,1190,"1,4","850,00",Алхо-2,"61.313645, 29.737886",,,,,,,,,,,,,,,,,
Щебень,гранитный,,20-40,куб,800,"1,35","592,59",Алхо-2,"61.313645, 29.737886",,,,,,,,,,,,,,,,,
Щебень,гранитный,,40-70,куб,800,"1,35","592,59",Алхо-2,"61.313645, 29.737886",,,,,,,,,,,,,,,,,
ЩПС,,,0-20,куб,650,"1,6","406,25",Алхо-2,"61.313645, 29.737886",,,,,,,,,,,,,,,,,
ЩПС,,,0-40,куб,550,"1,6","343,75",Алхо-2,"61.313645, 29.737886",,,,,,,,,,,,,,,,,
ЩПС,,,0-80,куб,550,"1,6","343,75",Алхо-2,"61.313645, 29.737886",,,,,,,,,,,,,,,,,
Отсев,,,0-5,куб,100,"1,4","71,43",Алхо-2,"61.313645, 29.737886",,,,,,,,,,,,,,,,,
Щебень,гранитный,,4-8,куб,1740,"1,45","1200,00",Алхо-2,"61.313645, 29.737886",,,,,,,,,,,,,,,,,
Щебень,гранитный,,5-10,куб,1656,"1,38","1200,00",Алхо-2,"61.313645, 29.737886",,,,,,,,,,,,,,,,,
Щебень,гранитный,,10-20,куб,1656,"1,38","1200,00",Алхо-2,"61.313645, 29.737886",,,,,,,,,,,,,,,,,
Щебень,гранитный,,70-150,куб,"1072,5","1,43","750,00",Алхо-2,"61.313645, 29.737886",,,,,,,,,,,,,,,,,
Щебень,известняковый,,10-20,куб,"777,2",,,Кикерино,"59.456085, 29.613756",,,,,,,,,,,,,,,,,
Щебень,известняковый,,20-40,куб,"1152,4",,,Кикерино,"59.456085, 29.613756",,,,,,,,,,,,,,,,,
Щебень,известняковый,,40-70,куб,"1050,56",,,Кикерино,"59.456085, 29.613756",,,,,,,,,,,,,,,,,
Отсев,,,0-5,куб,91,,,Кикерино,"59.456085, 29.613756",,,,,,,,,,,,,,,,,
Щебень,доломитовый,М400,10-20,куб,,,"400,00",Кикерино,"59.456085, 29.613756",,,,,,,,,,,,,,,,,
Щебень,доломитовый,М600,10-20,куб,,,"580,00",Кикерино,"59.456085, 29.613756",,,,,,,,,,,,,,,,,
Щебень,доломитовый,М400,20-40,куб,,,"400,00",Кикерино,"59.456085, 29.613756",,,,,,,,,,,,,,,,,
Щебень,доломитовый,М600,20-40,куб,,,"860,00",Кикерино,"59.456085, 29.613756",,,,,,,,,,,,,,,,,
Щебень,доломитовый,М600,40-70,куб,,,"784,00",Кикерино,"59.456085, 29.613756",,,,,,,,,,,,,,,,,
Отсев,доломитовый,,,куб,,,"65,00",Кикерино,"59.456085, 29.613756",,,,,,,,,,,,,,,,,
Песок,сеяный,,"2-2,5",куб,520,,,Майское,"60.386582, 29.901938",,,,,,,,,,,,,,,,,
Песок,обогащенный,,,куб,0,,,Майское,"60.386582, 29.901938",,,,,,,,,,,,,,,,,
Песок,карьерный,,"2-2,5",куб,360,,,Майское,"60.386582, 29.901938",,,,,,,,,,,,,,,,,
Песок,карьерный,(без гравия),"2-2,5",куб,380,,,Майское,"60.386582, 29.901938",,,,,,,,,,,,,,,,,
Песок,мелкозернистый,,"1,5-1,9",куб,320,,,Майское,"60.386582, 29.901938",,,,,,,,,,,,,,,,,
ПГС,природный,,,куб,350,,,Майское,"60.386582, 29.901938",,,,,,,,,,,,,,,,,
ПГС,обогащенный,,0-70,куб,650,,,Майское,"60.386582, 29.901938",,,,,,,,,,,,,,,,,
Камень/Гравий,,,0-500,куб,0,,,Майское,"60.386582, 29.901938",,,,,,,,,,,,,,,,,
Камень/Гравий,,,20-40,куб,0,,,Майское,"60.386582, 29.901938",,,,,,,,,,,,,,,,,
Супесь,,,"0,1-1",куб,0,,,Майское,"60.386582, 29.901938",,,,,,,,,,,,,,,,,
Песок,карьерный,,"1,5-2,0",куб,250,"1,45","172,41",Крутая горка,"60.533443, 30.083907",,,,,,,,,,,,,,,,,
Песок,сеяный,1 сорт,"2,0-2,5",куб,490,"1,46","335,62",Крутая горка,"60.533443, 30.083907",,,,,,,,,,,,,,,,,
Песок,сеяный,2 сорт,"1,5-2,0",куб,370,"1,46","253,42",Крутая горка,"60.533443, 30.083907",,,,,,,,,,,,,,,,,
Песок,сеяный,,"2,0-2,5",куб,520,,,Приветинское,"60.177464, 29.324138",,,,,,,,,,,,,,,,,
Песок,сеяный,,"2,5-2,9",куб,520,,,Приветинское,"60.177464, 29.324138",,,,,,,,,,,,,,,,,
Песок,намывной,,"2,5",куб,650,,,Приветинское,"60.177464, 29.324138",,,,,,,,,,,,,,,,,
Песок,карьерный,,"2,0-2,5",куб,390,,,Приветинское,"60.177464, 29.324138",,,,,,,,,,,,,,,,,
Песок,карьерный,,"2,5-3,0",куб,300,,,Приветинское,"60.177464, 29.324138",,,,,,,,,,,,,,,,,
Песок,мелкозернистый,,1,куб,180,,,Приветинское,"60.177464, 29.324138",,,,,,,,,,,,,,,,,
ПГС,природный,,"2,5-3,5",куб,260,,,Приветинское,"60.177464, 29.324138",,,,,,,,,,,,,,,,,
ПГС,,,0-20,куб,520,,,Приветинское,"60.177464, 29.324138",,,,,,,,,,,,,,,,,
ПГС,,,0-40,куб,520,,,Приветинское,"60.177464, 29.324138",,,,,,,,,,,,,,,,,
Гравий,,,20-40,куб,850,,,Приветинское,"60.177464, 29.324138",,,,,,,,,,,,,,,,,
Камень,,,0-300,куб,550,,,Приветинское,"60.177464, 29.324138",,,,,,,,,,,,,,,,,
Песок,намывной,,"2,0-2,4",куб,740,,,Сестринский,"60.208669, 29.921144",,,,,,,,,,,,,,,,,
Песок,намывной,2 сорт,,куб,600,,,Сестринский,"60.208669, 29.921144",,,,,,,,,,,,,,,,,
Супесь,,,"0,1-1",куб,0,,,Сестринский,"60.208669, 29.921144",,,,,,,,,,,,,,,,,
Грунт,,,,куб,0,,,Сестринский,"60.208669, 29.921144",,,,,,,,,,,,,,,,,
Песок,не сеяный,,"1,8-2",куб,450,,,Чайко,,,,,,,,,,,,,,,,,,
Песок,намывной,2 сорт,"2-2,5",куб,0,,,Чайко,"60.333157, 29.796691",,,,,,,,,,,,,,,,,
Песок,намывной,,"2-2,5",куб,0,,,Чайко,"60.333157, 29.796691",,,,,,,,,,,,,,,,,
Песок,карьерный,,1,куб,500,,,Новосаратовское-1,"59.831234, 30.701955",,,,,,,,,,,,,,,,,
Песок,карьерный,Тонкий,,куб,250,,,Новосаратовское-1,"59.831234, 30.701955",,,,,,,,,,,,,,,,,
Песок,ПЛОДОРОДНЫЙ,,,куб,500,,,Новосаратовское-1,"59.831234, 30.701955",,,,,,,,,,,,,,,,,
Песок,обогащенный,,,куб,750,,,Новосаратовское-1,"59.831234, 30.701955",,,,,,,,,,,,,,,,,
Песок,обогащенный,1 класс,,куб,1000,,,Новосаратовское-1,"59.831234, 30.701955",,,,,,,,,,,,,,,,,
Песок,намывной,,"2-2,5",куб,1100,,,ЛСР Манушкино,"59.870756, 30.793427",,,,,,,,,,,,,,,,,
Песок,намывной,,"1,5-2",куб,1020,,,ЛСР Манушкино,"59.870756, 30.793427",,,,,,,,,,,,,,,,,
Песок,намывной,слабоводопроницаемый,"1,5-2",куб,900,,,ЛСР Манушкино,"59.870756, 30.793427",,,,,,,,,,,,,,,,,
Песок,карьерный,,1,куб,640,,,ЛСР Манушкино,"59.870756, 30.793427",,,,,,,,,,,,,,,,,
Песок,обогащенный,,"1,4-2,1",куб,0,,,Залесье,"59.933260, 29.226331",,,,,,,,,,,,,,,,,
Песок,карьерный,,,куб,360,,,Залесье,"59.933260, 29.226331",,,,,,,,,,,,,,,,,
Супесь,,,,куб,250,,,Залесье,"59.933260, 29.226331",,,,,,,,,,,,,,,,,
Грунт,Экосмесь,,,куб,360,,,Залесье,"59.933260, 29.226331",,,,,,,,,,,,,,,,,
Песок,намывной,высший сорт,"1,5-2,0",куб,795,,,Таменгонт,"59.891378, 29.513979",,,,,,,,,,,,,,,,,
Песок,намывной,1 сорт,"1,0-1,5",куб,380,,,Таменгонт,"59.891378, 29.513979",,,,,,,,,,,,,,,,,
Песок,карьерный,,"0,5-1,0",куб,250,,,Воронья гора,"59.576264, 28.605410",,,,,,,,,,,,,,,,,
Песок,карьерный,,"1,0-1,5",куб,280,,,Воронья гора,"59.576264, 28.605410",,,,,,,,,,,,,,,,,
Песок,карьерный,,"1,5-2,0",куб,320,,,Воронья гора,"59.576264, 28.605410",,,,,,,,,,,,,,,,,
Песок,карьерный,,"2,0-2,5",куб,350,,,Воронья гора,"59.576264, 28.605410",,,,,,,,,,,,,,,,,
Песок,сеяный,,"2,0-2,5",куб,400,,,Воронья гора,"59.576264, 28.605410",,,,,,,,,,,,,,,,,
Песок,сеянный,,"3,0-3,5",куб,400,,,Воронья гора,"59.576264, 28.605410",,,,,,,,,,,,,,,,,
ПГС,природный,,,куб,500,,,Воронья гора,"59.576264, 28.605410",,,,,,,,,,,,,,,,,
ПГС,сеяный,,0-40,куб,750,,,Воронья гора,"59.576264, 28.605410",,,,,,,,,,,,,,,,,
Гравий,,,5-20,куб,1350,,,Воронья гора,"59.576264, 28.605410",,,,,,,,,,,,,,,,,
Гравий,,,20-40,куб,1300,,,Воронья гора,"59.576264, 28.605410",,,,,,,,,,,,,,,,,
Гравий,,,120+,куб,0,,,Воронья гора,"59.576264, 28.605410",,,,,,,,,,,,,,,,,
Щебень,гранитный,,5-20,куб,1377,"1,35","1020,00",Кравцовское,"60.800940, 28.657783",,,,,,,,,,,,,,,,,
Щебень,гранитный,,20-40,куб,"870,4","1,36","620,00",Кравцовское,"60.800940, 28.657783",,,,,,,,,,,,,,,,,
Щебень,гранитный,,40-70,куб,884,"1,36","650,00",Кравцовское,"60.800940, 28.657783",,,,,,,,,,,,,,,,,
ЩПС,,,0-40,куб,"505,6","1,58","320,00",Кравцовское,"60.800940, 28.657783",,,,,,,,,,,,,,,,,
ЩПС,,,0-80,куб,"540,6","1,59","340,00",Кравцовское,"60.800940, 28.657783",,,,,,,,,,,,,,,,,
ЩПС,,,0-40 (ТУ),куб,"376,8","1,57","240,00",Кравцовское,"60.800940, 28.657783",,,,,,,,,,,,,,,,,
ЩПС,,,0-20 (ТУ),куб,180,"1,5","120,00",Кравцовское,"60.800940, 28.657783",,,,,,,,,,,,,,,,,
Отсев,,,0-5,куб,174,"1,45","120,00",Кравцовское,"60.800940, 28.657783",,,,,,,,,,,,,,,,,
Щебень,гранитный,,5-20,куб,1562,"1,42","1100,00",Эркеля,"60.742788,28.847913",,,,,,,,,,,,,,,,,
Щебень,гранитный,,20-40,куб,1001,"1,43","700,00",Эркеля,"60.742788,28.847913",,,,,,,,,,,,,,,,,
Щебень,гранитный,,40-70,куб,952,"1,36","700,00",Эркеля,"60.742788,28.847913",,,,,,,,,,,,,,,,,
Щебень,гранитный,,70-150,куб,959,"1,37","700,00",Эркеля,"60.742788,28.847913",,,,,,,,,,,,,,,,,
ЩПС,,,0-40,куб,"842,4","1,62","520,00",Эркеля,"60.742788,28.847913",,,,,,,,,,,,,,,,,
ЩПС,,,0-80,куб,810,"1,62","500,00",Эркеля,"60.742788,28.847913",,,,,,,,,,,,,,,,,
ЩПС,C5,ТУ,0-40,куб,"518,4","1,62","320,00",Эркеля,"60.742788,28.847913",,,,,,,,,,,,,,,,,
ЩПС,С1,,0-40,куб,"842,4","1,62","520,00",Эркеля,"60.742788,28.847913",,,,,,,,,,,,,,,,,
ЩПС,С6,,0-20,куб,"1153,4","1,58","730,00",Эркеля,"60.742788,28.847913",,,,,,,,,,,,,,,,,
ЩПС,С7,,0-20,куб,"1182,6","1,62","730,00",Эркеля,"60.742788,28.847913",,,,,,,,,,,,,,,,,
Отсев,2 класс,,0-5,куб,296,"1,48","200,00",Эркеля,"60.742788,28.847913",,,,,,,,,,,,,,,,,
Щебень,гранитный,,5-20,куб,"1590,4","1,42","1120,00",Красновское,"61.006312,29.283779",,,,,,,,,,,,,,,,,
Щебень,гранитный,,20-40,куб,"1015,3","1,43","710,00",Красновское,"61.006312,29.283779",,,,,,,,,,,,,,,,,
Щебень,гранитный,,25-60,куб,"959,1","1,39","690,00",Красновское,"61.006312,29.283779",,,,,,,,,,,,,,,,,
Щебень,гранитный,,40-70,куб,"986,7","1,43","690,00",Красновское,"61.006312,29.283779",,,,,,,,,,,,,,,,,
ЩПС,,ТУ,0-40,куб,400,"1,6","250,00",Красновское,"61.006312,29.283779",,,,,,,,,,,,,,,,,
Отсев,,,0-5,куб,"177,6","1,48","120,00",Красновское,"61.006312,29.283779",,,,,,,,,,,,,,,,,
Песок,сеяный,средний,"2-2,5",куб,630,,,ЛСР Воронцовское,"60.314277, 29.897736",,,,,,,,,,,,,,,,,
Песок,карьерный,средний,"2-2,5",куб,490,,,ЛСР Воронцовское,"60.314277, 29.897736",,,,,,,,,,,,,,,,,
Песок,карьерный,сильноводопроницаемый,"1,5-2",куб,420,,,ЛСР Воронцовское,"60.314277, 29.897736",,,,,,,,,,,,,,,,,
Песок,карьерный,обогащенный,"1,5-2",куб,430,,,ЛСР Воронцовское,"60.314277, 29.897736",,,,,,,,,,,,,,,,,
Песок,строительны,обогащенный средний,"2-2,5",куб,650,,,ЛСР Воронцовское,"60.314277, 29.897736",,,,,,,,,,,,,,,,,
Песок,Для строительных работ,,,куб,620,,,ЛСР 33-й км,"59.907663, 30.862184",,,,,,,,,,,,,,,,,
Песок,Для строительных работ,обогащенный,,куб,760,,,ЛСР 33-й км,"59.907663, 30.862184",,,,,,,,,,,,,,,,,
Песок,Для строительных работ,сильноводопроницаемый,,куб,660,,,ЛСР Брусова гора 2,"59.907663, 30.862184",,,,,,,,,,,,,,,,,
Песок,Для строительных работ,слабоводопроницаемый,,куб,480,,,ЛСР Брусова гора 2,"59.907663, 30.862184",,,,,,,,,,,,,,,,,
Песок,Для строительных работ,водопроницаемый,,куб,610,,,ЛСР Брусова гора 2,"59.907663, 30.862184",,,,,,,,,,,,,,,,,
Песок,Для строительных работ,обогащенный,,куб,750,,,ЛСР Брусова гора 2,"59.907663, 30.862184",,,,,,,,,,,,,,,,,
Песок,Для строительных работ,обогащенный средний,"2-2,5",куб,850,,,ЛСР Брусова гора 2,"59.907663, 30.862184",,,,,,,,,,,,,,,,,
Песок,нефильтрующий,,,куб,450,,,ЛСР Брусова гора 2,"59.907663, 30.862184",,,,,,,,,,,,,,,,,
Песок,карьерный,,,куб,300,,,ЛСР Тарайка,"59.537817, 28.659583",,,,,,,,,,,,,,,,,
Щебень,гранитный,,4-8,куб,2190,,,ЛСР Кузнечное,"61.139049, 29.874818",,,,,,,,,,,,,,,,,
Щебень,гранитный,2 группа,5-10,куб,2170,,,ЛСР Кузнечное,"61.139049, 29.874818",,,,,,,,,,,,,,,,,
Щебень,гранитный,,"8-11,2",куб,2190,,,ЛСР Кузнечное,"61.139049, 29.874818",,,,,,,,,,,,,,,,,
Щебень,гранитный,,"11,2-16",куб,2190,,,ЛСР Кузнечное,"61.139049, 29.874818",,,,,,,,,,,,,,,,,
Щебень,гранитный,,8-16,куб,2090,"1,4","1492,86",ЛСР Кузнечное,"61.139049, 29.874818",,,,,,,,,,,,,,,,,
Щебень,гранитный,,5-20,куб,1640,"1,38","1188,41",ЛСР Кузнечное,"61.139049, 29.874818",,,,,,,,,,,,,,,,,
Щебень,гранитный,,"16-31,5",куб,1110,,,ЛСР Кузнечное,"61.139049, 29.874818",,,,,,,,,,,,,,,,,
Щебень,гранитный,,20-40,куб,1070,"1,37","781,02",ЛСР Кузнечное,"61.139049, 29.874818",,,,,,,,,,,,,,,,,
Щебень,гранитный,,25-60,куб,1110,,,ЛСР Кузнечное,"61.139049, 29.874818",,,,,,,,,,,,,,,,,
Щебень,гранитный,,"31,5-63",куб,1130,,,ЛСР Кузнечное,"61.139049, 29.874818",,,,,,,,,,,,,,,,,
Щебень,гранитный,,40-70,куб,1090,"1,37","795,62",ЛСР Кузнечное,"61.139049, 29.874818",,,,,,,,,,,,,,,,,
ЩПС,,,0-20,куб,530,,,ЛСР Кузнечное,"61.139049, 29.874818",,,,,,,,,,,,,,,,,
ЩПС,,,0-80,куб,950,,,ЛСР Кузнечное,"61.139049, 29.874818",,,,,,,,,,,,,,,,,
ЩПС,,,0-63,куб,990,,,ЛСР Кузнечное,"61.139049, 29.874818",,,,,,,,,,,,,,,,,
Отсев,Розовый,,0-5,куб,350,"1,48","236,49",ЛСР Кузнечное,"61.139049, 29.874818",,,,,,,,,,,,,,,,,
Отсев,"Серый, Серо-Розовый)",,0-5,куб,250,"1,48","168,92",ЛСР Кузнечное,"61.139049, 29.874818",,,,,,,,,,,,,,,,,
Песок,дробленый,,0-4,куб,300,"1,5","200,00",ЛСР Кузнечное,"61.139049, 29.874818",,,,,,,,,,,,,,,,,
Щебень,гранитный,,5-20,куб,1835,"1,39","1320,14",ЛСР Гарилово,"60.585954, 29.065996",,,,,,,,,,,,,,,,,
Щебень,гранитный,,20-40,куб,1200,"1,39","863,31",ЛСР Гарилово,"60.585954, 29.065996",,,,,,,,,,,,,,,,,
Щебень,гранитный,,40-70,куб,1250,"1,39","899,28",ЛСР Гарилово,"60.585954, 29.065996",,,,,,,,,,,,,,,,,
Щебень,гранитный,,70-150,куб,1480,"1,39","1064,75",ЛСР Гарилово,"60.585954, 29.065996",,,,,,,,,,,,,,,,,
ЩПС,,,0-20,куб,550,,,ЛСР Гарилово,"60.585954, 29.065996",,,,,,,,,,,,,,,,,
ЩПС,,,0-80,куб,1060,,,ЛСР Гарилово,"60.585954, 29.065996",,,,,,,,,,,,,,,,,
ЩПС,,,0-63,куб,1120,,,ЛСР Гарилово,"60.585954, 29.065996",,,,,,,,,,,,,,,,,
Отсев,"Серый, Серо-Розовый)",,0-5,куб,280,"1,5","186,67",ЛСР Гарилово,"60.585954, 29.065996",,,,,,,,,,,,,,,,,
Щебень,гранитный,,4-8,куб,2150,,,ЛСР Пруды,"61.010023, 29.030908",,,,,,,,,,,,,,,,,
Щебень,гранитный,,5-10,куб,1850,"1,25","1480,00",ЛСР Пруды,"61.010023, 29.030908",,,,,,,,,,,,,,,,,
Щебень,гранитный,2,5-10,куб,2130,,,ЛСР Пруды,"61.010023, 29.030908",,,,,,,,,,,,,,,,,
Щебень,гранитный,,"8-11,2",куб,2150,,,ЛСР Пруды,"61.010023, 29.030908",,,,,,,,,,,,,,,,,
Щебень,гранитный,,"11,2-16",куб,2150,,,ЛСР Пруды,"61.010023, 29.030908",,,,,,,,,,,,,,,,,
Щебень,гранитный,,8-16,куб,2150,,,ЛСР Пруды,"61.010023, 29.030908",,,,,,,,,,,,,,,,,
Щебень,гранитный,,5-20,куб,1380,,,ЛСР Пруды,"61.010023, 29.030908",,,,,,,,,,,,,,,,,
Щебень,гранитный,,"16-31,5",куб,1190,,,ЛСР Пруды,"61.010023, 29.030908",,,,,,,,,,,,,,,,,
Щебень,гранитный,,20-40,куб,1150,,,ЛСР Пруды,"61.010023, 29.030908",,,,,,,,,,,,,,,,,
Отсев,"Серый, Серо-Розовый)",,0-5,куб,160,,,ЛСР Пруды,"61.010023, 29.030908",,,,,,,,,,,,,,,,,
Песок,дробленый,,0-4,куб,300,,,ЛСР Пруды,"61.010023, 29.030908",,,,,,,,,,,,,,,,,
Щебень,гранитный,,5-20,куб,1520,"1,39","1093,53",ЛСР Боровинка,"60.929998, 29.272783",,,,,,,,,,,,,,,,,
Щебень,гранитный,,20-40,куб,1170,"1,37","854,01",ЛСР Боровинка,"60.929998, 29.272783",,,,,,,,,,,,,,,,,
ЩПС,,,0-80,куб,850,,,ЛСР Боровинка,"60.929998, 29.272783",,,,,,,,,,,,,,,,,
ЩПС,,,0-63,куб,890,,,ЛСР Боровинка,"60.929998, 29.272783",,,,,,,,,,,,,,,,,
Отсев,"Серый, Серо-Розовый)",,0-5,куб,160,,,ЛСР Боровинка,"60.929998, 29.272783",,,,,,,,,,,,,,,,,
Песок,дробленый,,0-4,куб,250,,,ЛСР Боровинка,"60.929998, 29.272783",,,,,,,,,,,,,,,,,
Песок,сеяный,высший сорт,,куб,650,,,Надино,"59.617052, 31.219478",,,,,,,,,,,,,,,,,
Песок,,высший сорт,,куб,400,,,Надино,"59.617052, 31.219478",,,,,,,,,,,,,,,,,
Песок,сеяный,1 сорт,"1,8",куб,500,,,Надино,"59.617052, 31.219478",,,,,,,,,,,,,,,,,
Песок,3-1 категории,,<1,куб,300,,,Надино,"59.617052, 31.219478",,,,,,,,,,,,,,,,,
Песок,сеяный,2,"1,4",куб,450,,,Надино,"59.617052, 31.219478",,,,,,,,,,,,,,,,,
Грунт,плодородный,,,куб,400,,,Надино,"59.617052, 31.219478",,,,,,,,,,,,,,,,,
Гунт,плодородный,просеяный,,куб,600,,,Надино,"59.617052, 31.219478",,,,,,,,,,,,,,,,,
Песок,сеяный,средний,"2-2,5",куб,520,,,Полигон Урочище,"60.397501, 29.920221",,,,,,,,,,,,,,,,,
Песок,намывной,средний,"2-2,5",куб,0,,,Полигон Урочище,"60.397501, 29.920221",,,,,,,,,,,,,,,,,
Песок,намывной,сеяный,"2-2,5",куб,0,,,Полигон Урочище,"60.397501, 29.920221",,,,,,,,,,,,,,,,,
Песок,намывной,мелкий,"1,5-2",куб,0,,,Полигон Урочище,"60.397501, 29.920221",,,,,,,,,,,,,,,,,
Песок,,мелкий,,куб,,,,Полигон Урочище,"60.397501, 29.920221",,,,,,,,,,,,,,,,,
Песок,Горный,средний,"2-2,5",куб,360,,,Полигон Урочище,"60.397501, 29.920221",,,,,,,,,,,,,,,,,
Песок,Горный,1 сорт,"1,5-1,8",куб,300,,,Полигон Урочище,"60.397501, 29.920221",,,,,,,,,,,,,,,,,
Песок,Горный,2 сорт,"0,8",куб,250,,,Полигон Урочище,"60.397501, 29.920221",,,,,,,,,,,,,,,,,
Песок,,слабоводопроницаемый,"0,5",куб,170,,,Полигон Урочище,"60.397501, 29.920221",,,,,,,,,,,,,,,,,
ПГС,,,0-50,куб,400,,,Полигон Урочище,"60.397501, 29.920221",,,,,,,,,,,,,,,,,
Гравий,,,5-20,куб,1000,,,Полигон Урочище,"60.397501, 29.920221",,,,,,,,,,,,,,,,,
Гравий,,,20-40,куб,800,,,Полигон Урочище,"60.397501, 29.920221",,,,,,,,,,,,,,,,,
Гравий,,,40-70,куб,800,,,Полигон Урочище,"60.397501, 29.920221",,,,,,,,,,,,,,,,,
Гравий,,,40-100,куб,0,,,Полигон Урочище,"60.397501, 29.920221",,,,,,,,,,,,,,,,,
Грунт,плодородный,,,куб,400,,,Полигон Урочище,"60.397501, 29.920221",,,,,,,,,,,,,,,,,
Грунт,плодородный,просеяный,,куб,700,,,Полигон Урочище,"60.397501, 29.920221",,,,,,,,,,,,,,,,,
Отсев,Гравийный,,"0,5-5,0",куб,350,,,Полигон Урочище,"60.397501, 29.920221",,,,,,,,,,,,,,,,,
Валун,,,,куб,,,"5000,00",Полигон Урочище,"60.397501, 29.920221",,,,,,,,,,,,,,,,,
Песок,карьерный,,"1,2-1,5",куб,350,,,Горное Елохово,"60.278594, 32.682974",,,,,,,,,,,,,,,,,
Песок,намывной,,,куб,0,,,Горное Елохово,"60.278594, 32.682974",,,,,,,,,,,,,,,,,
Песок,карьерный,,,куб,750,,,Горы Захожье,"59.727911, 30.877977",,,,,,,,,,,,,,,,,
Песок,намывной,мелкий,,куб,540,,,Вуолы-ЭКО,"60.366025, 30.552011",,,,,,,,,,,,,,,,,
Песок,карьерный,мелкий,"1-1,5",куб,200,,,Вуолы-ЭКО,"60.366025, 30.552011",,,,,,,,,,,,,,,,,
Песок,сеяный,средний,"2-2,5",куб,480,,,Вуолы-ЭКО,"60.366025, 30.552011",,,,,,,,,,,,,,,,,
Отсев,гранитный,,0-4,куб,210,"1,4","150,00",Ильмениоки,"61.188730, 29.720224",,,,,,,,,,,,,,,,,
Отсев,гранитный,,0-5,куб,210,"1,4","150,00",Ильмениоки,"61.188730, 29.720224",,,,,,,,,,,,,,,,,
Щебень,гранитный,,5-10,куб,2103,"1,45","1450,00",Ильмениоки,"61.188730, 29.720224",,,,,,,,,,,,,,,,,
Щебень,гранитный,,5-20,куб,1656,"1,38","1200,00",Ильмениоки,"61.188730, 29.720224",,,,,,,,,,,,,,,,,
Щебень,гранитный,,10-20,куб,2074,"1,43","1450,00",Ильмениоки,"61.188730, 29.720224",,,,,,,,,,,,,,,,,
Щебень,гранитный,,20-40,куб,1012,"1,35","750,00",Ильмениоки,"61.188730, 29.720224",,,,,,,,,,,,,,,,,
Щебень,гранитный,,40-70,куб,945,"1,35","700,00",Ильмениоки,"61.188730, 29.720224",,,,,,,,,,,,,,,,,
Щебень,гранитный,,4-8,куб,2103,"1,45","1450,00",Ильмениоки,"61.188730, 29.720224",,,,,,,,,,,,,,,,,
Щебень,гранитный,,"8-11,2",куб,2074,"1,43","1450,00",Ильмениоки,"61.188730, 29.720224",,,,,,,,,,,,,,,,,
Щебень,гранитный,,"11,2-16",куб,2074,"1,43","1450,00",Ильмениоки,"61.188730, 29.720224",,,,,,,,,,,,,,,,,
Щебень,гранитный,,"16-22,4",куб,1987,"1,37","1450,00",Ильмениоки,"61.188730, 29.720224",,,,,,,,,,,,,,,,,
Щебень,гранитный,,"22,4-31,5",куб,1012,"1,35","750,00",Ильмениоки,"61.188730, 29.720224",,,,,,,,,,,,,,,,,
ЩПС,,,0-40,куб,756,"1,68","450,00",Ильмениоки,"61.188730, 29.720224",,,,,,,,,,,,,,,,,
ЩПС,,,0-80,куб,756,"1,68","450,00",Ильмениоки,"61.188730, 29.720224",,,,,,,,,,,,,,,,,
ЩПС,,,0-20,куб,672,"1,68","400,00",Ильмениоки,"61.188730, 29.720224",,,,,,,,,,,,,,,,,
Щебень,гранитный,,5-10,куб,1960,"1,4","1400,00",Озерный,"60.906060, 29.413191",,,,,,,,,,,,,,,,,
Щебень,гранитный,,5-15,куб,1930,"1,38","1400,00",Озерный,"60.906060, 29.413191",,,,,,,,,,,,,,,,,
Щебень,гранитный,,5-20,куб,1380,"1,38","1000,00",Озерный,"60.906060, 29.413191",,,,,,,,,,,,,,,,,
Щебень,гранитный,,10-15,куб,1920,"1,37","1400,00",Озерный,"60.906060, 29.413191",,,,,,,,,,,,,,,,,
Щебень,гранитный,,10-20,куб,1510,"1,37","1100,00",Озерный,"60.906060, 29.413191",,,,,,,,,,,,,,,,,
Щебень,гранитный,,15-20,куб,1370,"1,37","1070,00",Озерный,"60.906060, 29.413191",,,,,,,,,,,,,,,,,
Щебень,гранитный,,20-40,куб,1035,"1,38","750,00",Озерный,"60.906060, 29.413191",,,,,,,,,,,,,,,,,
Щебень,гранитный,,40-70,куб,1080,"1,35","800,00",Озерный,"60.906060, 29.413191",,,,,,,,,,,,,,,,,
Щебень,гранитный,,4-8,куб,1960,"1,4","1400,00",Озерный,"60.906060, 29.413191",,,,,,,,,,,,,,,,,
Щебень,гранитный,,"4-11,2",куб,1960,"1,4","1400,00",Озерный,"60.906060, 29.413191",,,,,,,,,,,,,,,,,
Щебень,гранитный,,4-16,куб,1930,"1,38","1400,00",Озерный,"60.906060, 29.413191",,,,,,,,,,,,,,,,,
Щебень,гранитный,,"8-11,2",куб,1935,"1,38","1400,00",Озерный,"60.906060, 29.413191",,,,,,,,,,,,,,,,,
Щебень,гранитный,,8-16,куб,1920,"1,37","1400,00",Озерный,"60.906060, 29.413191",,,,,,,,,,,,,,,,,
Щебень,гранитный,,"11,2-16",куб,1920,"1,37","1400,00",Озерный,"60.906060, 29.413191",,,,,,,,,,,,,,,,,
Щебень,гранитный,,"16-22,4",куб,1360,"1,36","1000,00",Озерный,"60.906060, 29.413191",,,,,,,,,,,,,,,,,
Щебень,гранитный,,"16-31,5",куб,1565,"1,36","1150,00",Озерный,"60.906060, 29.413191",,,,,,,,,,,,,,,,,
Щебень,гранитный,,"22,4-31,5",куб,1500,"1,36","1000,00",Озерный,"60.906060, 29.413191",,,,,,,,,,,,,,,,,
Щебень,гранитный,,70-150,куб,1120,"1,4","800,00",Озерный,"60.906060, 29.413191",,,,,,,,,,,,,,,,,
ЩПС,,,0-20,куб,390,"1,55","250,00",Озерный,"60.906060, 29.413191",,,,,,,,,,,,,,,,,
ЩПС,,,0-40,куб,625,"1,56","400,00",Озерный,"60.906060, 29.413191",,,,,,,,,,,,,,,,,
ЩПС,,,0-80,куб,780,"1,56","500,00",Озерный,"60.906060, 29.413191",,,,,,,,,,,,,,,,,
Отсев,,,0-4,куб,225,"1,5","150,00",Озерный,"60.906060, 29.413191",,,,,,,,,,,,,,,,,
Отсев,,,0-5,куб,225,"1,5","150,00",Озерный,"60.906060, 29.413191",,,,,,,,,,,,,,,,,
Отсев,,,0-10,куб,225,"1,5","150,00",Озерный,"60.906060, 29.413191",,,,,,,,,,,,,,,,,
Щебень,гранитный,,5-20,куб,1450,"1,35","1074,07",ДорПромГранит,"60.906060, 29.413191",,,,,,,,,,,,,,,,,
Щебень,гранитный,,5-10,куб,2200,"1,35","1629,63",ДорПромГранит,"60.906060, 29.413191",,,,,,,,,,,,,,,,,
Щебень,гранитный,,10-20,куб,1700,"1,36","1250,00",ДорПромГранит,"60.906060, 29.413191",,,,,,,,,,,,,,,,,
Щебень,гранитный,,20-40,куб,800,"1,36","588,24",ДорПромГранит,"60.906060, 29.413191",,,,,,,,,,,,,,,,,
Щебень,гранитный,,25-60,куб,800,"1,36","588,24",ДорПромГранит,"60.906060, 29.413191",,,,,,,,,,,,,,,,,
Щебень,гранитный,,"31,5-63",куб,950,"1,36","698,53",ДорПромГранит,"60.906060, 29.413191",,,,,,,,,,,,,,,,,
Щебень,гранитный,,40-70,куб,800,"1,37","583,94",ДорПромГранит,"60.906060, 29.413191",,,,,,,,,,,,,,,,,
Щебень,гранитный,,70-120,куб,1300,"1,41","921,99",ДорПромГранит,"60.906060, 29.413191",,,,,,,,,,,,,,,,,
Щебень,гранитный,,70-150,куб,1250,"1,41","886,52",ДорПромГранит,"60.906060, 29.413191",,,,,,,,,,,,,,,,,
Щебень,гранитный,,70-250,куб,1200,"1,38","869,57",ДорПромГранит,"60.906060, 29.413191",,,,,,,,,,,,,,,,,
Песок,дробленый,,0-4,куб,600,"1,35","444,44",ДорПромГранит,"60.906060, 29.413191",,,,,,,,,,,,,,,,,
ЩПС,С1,,0-40,куб,750,"1,57","477,71",ДорПромГранит,"60.906060, 29.413191",,,,,,,,,,,,,,,,,
ЩПС,С2,,0-20,куб,650,"1,39","467,63",ДорПромГранит,"60.906060, 29.413191",,,,,,,,,,,,,,,,,
ЩПС,С4,,0-80,куб,700,"1,6","437,50",ДорПромГранит,"60.906060, 29.413191",,,,,,,,,,,,,,,,,
ЩПС,С5,,0-40,куб,750,"1,58","474,68",ДорПромГранит,"60.906060, 29.413191",,,,,,,,,,,,,,,,,
ЩПС,С6,,0-20,куб,950,"1,39","683,45",ДорПромГранит,"60.906060, 29.413191",,,,,,,,,,,,,,,,,
Отсев,С8,,0-5,куб,700,"1,4","500,00",ДорПромГранит,"60.906060, 29.413191",,,,,,,,,,,,,,,,,
ЩПС,,,"0-31,5",куб,800,"1,57","509,55",ДорПромГранит,"60.906060, 29.413191",,,,,,,,,,,,,,,,,
ЩПС,,,0-63,куб,800,"1,6","500,00",ДорПромГранит,"60.906060, 29.413191",,,,,,,,,,,,,,,,,
Щебень,известняковый,,5-20,куб,950,"1,27","748,03",Большие Борницы,"59.495330, 29.914880",,,,,,,,,,,,,,,,,
Щебень,известняковый,,10-20,куб,800,"1,27","629,92",Большие Борницы,"59.495330, 29.914880",,,,,,,,,,,,,,,,,
Щебень,известняковый,,20-40,куб,1200,"1,38","869,57",Большие Борницы,"59.495330, 29.914880",,,,,,,,,,,,,,,,,
Щебень,известняковый,,40-70,куб,1200,"1,42","845,07",Большие Борницы,"59.495330, 29.914880",,,,,,,,,,,,,,,,,
Щебень,известняковый,,70-120,куб,1300,"1,31","992,37",Большие Борницы,"59.495330, 29.914880",,,,,,,,,,,,,,,,,
Щебень,известняковый,,70-150,куб,1300,"1,31","992,37",Большие Борницы,"59.495330, 29.914880",,,,,,,,,,,,,,,,,
Горная масса,,,0-300,куб,850,,,Большие Борницы,"59.495330, 29.914880",,,,,,,,,,,,,,,,,
Горная масса,Калиброванная,,,куб,1050,,,Большие Борницы,"59.495330, 29.914880",,,,,,,,,,,,,,,,,
ЩПС,,,0-20,куб,900,,,Большие Борницы,"59.495330, 29.914880",,,,,,,,,,,,,,,,,
ЩПС,,,0-40,куб,900,"1,52","592,11",Большие Борницы,"59.495330, 29.914880",,,,,,,,,,,,,,,,,
ЩПС,,,0-70,куб,900,"1,51","596,03",Большие Борницы,"59.495330, 29.914880",,,,,,,,,,,,,,,,,
Отсев,,,,куб,300,,,Большие Борницы,"59.495330, 29.914880",,,,,,,,,,,,,,,,,
Отсев,,,0-5,куб,650,,,Большие Борницы,"59.495330, 29.914880",,,,,,,,,,,,,,,,,
Отсев,,,0-10,куб,400,"1,52","263,16",Большие Борницы,"59.495330, 29.914880",,,,,,,,,,,,,,,,,
Щебень,,,5-20,куб,1250,,,Незаметный (самовывоз),"60.863453,29.062453.",,,,,,,,,,,,,,,,,
Щебень,,,20-40,куб,800,,,Незаметный (самовывоз),"60.863453,29.062453.",,,,,,,,,,,,,,,,,
Щебень,,,40-70,куб,800,,,Незаметный (самовывоз),"60.863453,29.062453.",,,,,,,,,,,,,,,,,
ЩПС,,,0-40,куб,550,,,Незаметный (самовывоз),"60.863453,29.062453.",,,,,,,,,,,,,,,,,
ЩПС,,,0-80,куб,550,,,Незаметный (самовывоз),"60.863453,29.062453.",,,,,,,,,,,,,,,,,
Отсев,,,0-5,куб,200,,,Незаметный (самовывоз),"60.863453,29.062453.",,,,,,,,,,,,,,,,,
Грунт,песчаный,,,куб,450,,,Александровка,"59.265380, 31.245822",,,,,,,,,,,,,,,,,
Песок,карьерный,,"0,7-1,5",куб,450,,,Александровка,"59.265380, 31.245822",,,,,,,,,,,,,,,,,
Песок,намывной,очень мелкий,"1-1,5",куб,550,,,Александровка,"59.265380, 31.245822",,,,,,,,,,,,,,,,,
Песок,намывной,мелкий,"1,5-2",куб,650,,,Александровка,"59.265380, 31.245822",,,,,,,,,,,,,,,,,
Песок,намывной,средний,"2-2,5",куб,750,,,Александровка,"59.265380, 31.245822",,,,,,,,,,,,,,,,,
Щебень,,,5-20,куб,1311,"1,38","950,00",Сысоевский,"60.981580, 29.316236",,,,,,,,,,,,,,,,,
Щебень,,,5-10,куб,1656,"1,38","1200,00",Сысоевский,"60.981580, 29.316236",,,,,,,,,,,,,,,,,
Щебень,,,10-20,куб,1449,"1,38","1050,00",Сысоевский,"60.981580, 29.316236",,,,,,,,,,,,,,,,,
Щебень,,,"16-22,4",куб,1311,"1,38","950,00",Сысоевский,"60.981580, 29.316236",,,,,,,,,,,,,,,,,
Щебень,,,"16-31,5",куб,1311,"1,38","950,00",Сысоевский,"60.981580, 29.316236",,,,,,,,,,,,,,,,,
Щебень,,,4-8,куб,1725,"1,38","1250,00",Сысоевский,"60.981580, 29.316236",,,,,,,,,,,,,,,,,
Щебень,,,"8-11,2",куб,1725,"1,38","1250,00",Сысоевский,"60.981580, 29.316236",,,,,,,,,,,,,,,,,
Щебень,,,"11,2-16",куб,1725,"1,38","1250,00",Сысоевский,"60.981580, 29.316236",,,,,,,,,,,,,,,,,
Щебень,,,8-16,куб,1725,"1,38","1250,00",Сысоевский,"60.981580, 29.316236",,,,,,,,,,,,,,,,,
Щебень,,,25-60,куб,"855,6","1,38","620,00",Сысоевский,"60.981580, 29.316236",,,,,,,,,,,,,,,,,
Щебень,,,20-40,куб,"855,6","1,38","620,00",Сысоевский,"60.981580, 29.316236",,,,,,,,,,,,,,,,,
Щебень,,,40-70,куб,"855,6","1,38","620,00",Сысоевский,"60.981580, 29.316236",,,,,,,,,,,,,,,,,
ЩПС,,,0-40,куб,704,"1,6","440,00",Сысоевский,"60.981580, 29.316236",,,,,,,,,,,,,,,,,
ЩПС,,,0-80,куб,704,"1,6","440,00",Сысоевский,"60.981580, 29.316236",,,,,,,,,,,,,,,,,
ЩПС,,,0-63,куб,704,"1,6","440,00",Сысоевский,"60.981580, 29.316236",,,,,,,,,,,,,,,,,
ЩПС,,,"0-31,5",куб,704,"1,6","440,00",Сысоевский,"60.981580, 29.316236",,,,,,,,,,,,,,,,,
ЩПС,,,0-45,куб,704,"1,6","440,00",Сысоевский,"60.981580, 29.316236",,,,,,,,,,,,,,,,,
ЩПС,,,0-16,куб,704,"1,6","440,00",Сысоевский,"60.981580, 29.316236",,,,,,,,,,,,,,,,,
Отсев,,,0-4,куб,336,"1,4","240,00",Сысоевский,"60.981580, 29.316236",,,,,,,,,,,,,,,,,
Отсев,,,0-5,куб,280,"1,4","200,00",Сысоевский,"60.981580, 29.316236",,,,,,,,,,,,,,,,,
Песок,карьерный,,,куб,500,,,Степаново,"59.893033, 29.509729",,,,,,,,,,,,,,,,,
Щебень,,,4-8,куб,1452,"1,32","1100,00",Куликолово,"61.189280, 29.721767",,,,,,,,,,,,,,,,,
Щебень,,,5-10,куб,1452,"1,32","1100,00",Куликолово,"61.189280, 29.721767",,,,,,,,,,,,,,,,,
Щебень,,,5-20,куб,"1205,6","1,37","880,00",Куликолово,"61.189280, 29.721767",,,,,,,,,,,,,,,,,
Щебень,,,20-40,куб,"802,4","1,36","590,00",Куликолово,"61.189280, 29.721767",,,,,,,,,,,,,,,,,
ЩПС,,,0-40,куб,592,"1,6","370,00",Куликолово,"61.189280, 29.721767",,,,,,,,,,,,,,,,,
ЩПС,,,0-80,куб,640,"1,6","400,00",Куликолово,"61.189280, 29.721767",,,,,,,,,,,,,,,,,
ЩПС,,,0-63,куб,672,"1,6","420,00",Куликолово,"61.189280, 29.721767",,,,,,,,,,,,,,,,,
ЩПС,,,"0-31,5",куб,592,"1,6","370,00",Куликолово,"61.189280, 29.721767",,,,,,,,,,,,,,,,,
Отсев,,,0-4,куб,"121,6","1,52","80,00",Куликолово,"61.189280, 29.721767",,,,,,,,,,,,,,,,,
Отсев,,,0-5,куб,"121,6","1,52","80,00",Куликолово,"61.189280, 29.721767",,,,,,,,,,,,,,,,,
Песок,карьерный,1 сорт,"0,5-1,5",куб,200,,,Кудлей,"60.308449, 29.730743",,,,,,,,,,,,,,,,,
Песок,карьерный,4 сорт,"0,1-0,5",куб,70,,,Кудлей,"60.308449, 29.730743",,,,,,,,,,,,,,,,,
Песок,карьерный,,"1,4-2",куб,350,,,Головкинское,"59.708614, 28.920028",,,,,,,,,,,,,,,,,
Песок,строительный,ПГС,,куб,350,,,Варшко,"60.662519, 30.056093",,,,,,,,,,,,,,,,,
Песок,сеяный,,,куб,440,,,Варшко,"60.662519, 30.056093",,,,,,,,,,,,,,,,,
ПГС,усиленнный,,,куб,440,,,Варшко,"60.662519, 30.056093",,,,,,,,,,,,,,,,,
Песок,сеяный,,2+,куб,460,,,Плоское,"60.406925, 29.644782",,,,,,,,,,,,,,,,,
Песок,намывной,,2+,куб,520,,,Плоское,"60.406925, 29.644782",,,,,,,,,,,,,,,,,
Песок,карьерный,,"1-1,4",куб,230,,,Плоское,"60.406925, 29.644782",,,,,,,,,,,,,,,,,
Грунт,сеяный,,,куб,400,,,Плоское,"60.406925, 29.644782",,,,,,,,,,,,,,,,,
Грунт,не сеянный,,,куб,250,,,Плоское,"60.406925, 29.644782",,,,,,,,,,,,,,,,,
Гравий,,,20-40,куб,900,,,Плоское,"60.406925, 29.644782",,,,,,,,,,,,,,,,,
Гравий,,,40-150,куб,900,,,Плоское,"60.406925, 29.644782",,,,,,,,,,,,,,,,,
Супесь,,,,куб,120,,,Плоское,"60.406925, 29.644782",,,,,,,,,,,,,,,,,
Супесь,2 сорт,,,куб,90,,,Плоское,"60.406925, 29.644782",,,,,,,,,,,,,,,,,
Щебень,,,20-40,куб,1100,"1,37","802,92",ПНК,"55.771307, 37.651248",,,,,,,,,,,,,,,,,
Щебень,,,25-60,куб,1100,"1,37","802,92",ПНК,"55.771307, 37.651248",,,,,,,,,,,,,,,,,
Щебень,,,40-70,куб,1100,"1,37","802,92",ПНК,"55.771307, 37.651248",,,,,,,,,,,,,,,,,
Щебень,,,5-20,куб,1450,"1,34","1082,09",ПНК,"55.771307, 37.651248",,,,,,,,,,,,,,,,,
ЩПС,,,0-40,куб,600,"1,52","394,74",ПНК,"55.771307, 37.651248",,,,,,,,,,,,,,,,,
Отсев,,,0-5,куб,240,"1,4","171,43",ПНК,"55.771307, 37.651248",,,,,,,,,,,,,,,,,
Щебень,,,5-20,куб,1800,,,Перовское,,,,,,,,,,,,,,,,,,
Щебень,,,20-40,куб,1200,,,Перовское,,,,,,,,,,,,,,,,,,
Щебень,,,40-70,куб,1200,,,Перовское,,,,,,,,,,,,,,,,,,
Щебень,,,70-250,куб,1200,,,Перовское,,,,,,,,,,,,,,,,,,
ЩПС,С5,,0-40,куб,750,,,Перовское,,,,,,,,,,,,,,,,,,
ЩПС,С4,,0-80,куб,750,,,Перовское,,,,,,,,,,,,,,,,,,
ЩПС,0/63,,,куб,750,,,Перовское,,,,,,,,,,,,,,,,,,
ЩПС,,,0-40,куб,580,,,Перовское,,,,,,,,,,,,,,,,,,
Отсев,гранитный,,0-5,куб,350,,,Перовское,,,,,,,,,,,,,,,,,,
,,,,,,,,,,,,,,,,,,,,,,,,,,
,,,,,,,,,,,,,,,,,,,,,,,,,,
,,,,,,,,,,,,,,,,,,,,,,,,,,
,,,,,,,,,,,,,,,,,,,,,,,,,,
,,,,,,,,,,,,,,,,,,,,,,,,,,
,,,,,,,,,,,,,,,,,,,,,,,,,,
,,,,,,,,,,,,,,,,,,,,,,,,,,
,,,,,,,,,,,,,,,,,,,,,,,,,,
,,,,,,,,,,,,,,,,,,,,,,,,,,
,,,,,,,,,,,,,,,,,,,,,,,,,,
,,,,,,,,,,,,,,,,,,,,,,,,,,
,,,,,,,,,,,,,,,,,,,,,,,,,,
,,,,,,,,,,,,,,,,,,,,,,,,,,
,,,,,,,,,,,,,,,,,,,,,,,,,,
,,,,,,,,,,,,,,,,,,,,,,,,,,
,,,,,,,,,,,,,,,,,,,,,,,,,,
,,,,,,,,,,,,,,,,,,,,,,,,,,
,,,,,,,,,,,,,,,,,,,,,,,,,,
,,,,,,,,,,,,,,,,,,,,,,,,,,
,,,,,,,,,,,,,,,,,,,,,,,,,,
,,,,,,,,,,,,,,,,,,,,,,,,,,
,,,,,,,,,,,,,,,,,,,,,,,,,,
,,,,,,,,,,,,,,,,,,,,,,,,,,
,,,,,,,,,,,,,,,,,,,,,,,,,,
,,,,,,,,,,,,,,,,,,,,,,,,,,
,,,,,,,,,,,,,,,,,,,,,,,,,,
,,,,,,,,,,,,,,,,,,,,,,,,,,
,,,,,,,,,,,,,,,,,,,,,,,,,,
,,,,,,,,,,,,,,,,,,,,,,,,,,
,,,,,,,,,,,,,,,,,,,,,,,,,,
,,,,,,,,,,,,,,,,,,,,,,,,,,
,,,,,,,,,,,,,,,,,,,,,,,,,,
,,,,,,,,,,,,,,,,,,,,,,,,,,
,,,,,,,,,,,,,,,,,,,,,,,,,,
,,,,,,,,,,,,,,,,,,,,,,,,,,
,,,,,,,,,,,,,,,,,,,,,,,,,,
,,,,,,,,,,,,,,,,,,,,,,,,,,
,,,,,,,,,,,,,,,,,,,,,,,,,,
,,,,,,,,,,,,,,,,,,,,,,,,,,
,,,,,,,,,,,,,,,,,,,,,,,,,,
,,,,,,,,,,,,,,,,,,,,,,,,,,
,,,,,,,,,,,,,,,,,,,,,,,,,,
,,,,,,,,,,,,,,,,,,,,,,,,,,
,,,,,,,,,,,,,,,,,,,,,,,,,,
,,,,,,,,,,,,,,,,,,,,,,,,,,
,,,,,,,,,,,,,,,,,,,,,,,,,,
,,,,,,,,,,,,,,,,,,,,,,,,,,
,,,,,,,,,,,,,,,,,,,,,,,,,,
,,,,,,,,,,,,,,,,,,,,,,,,,,
,,,,,,,,,,,,,,,,,,,,,,,,,,
,,,,,,,,,,,,,,,,,,,,,,,,,,
,,,,,,,,,,,,,,,,,,,,,,,,,,
,,,,,,,,,,,,,,,,,,,,,,,,,,
,,,,,,,,,,,,,,,,,,,,,,,,,,
,,,,,,,,,,,,,,,,,,,,,,,,,,
,,,,,,,,,,,,,,,,,,,,,,,,,,
,,,,,,,,,,,,,,,,,,,,,,,,,,
,,,,,,,,,,,,,,,,,,,,,,,,,,
,,,,,,,,,,,,,,,,,,,,,,,,,,
,,,,,,,,,,,,,,,,,,,,,,,,,,
,,,,,,,,,,,,,,,,,,,,,,,,,,
,,,,,,,,,,,,,,,,,,,,,,,,,,
,,,,,,,,,,,,,,,,,,,,,,,,,,
,,,,,,,,,,,,,,,,,,,,,,,,,,
,,,,,,,,,,,,,,,,,,,,,,,,,,
,,,,,,,,,,,,,,,,,,,,,,,,,,
,,,,,,,,,,,,,,,,,,,,,,,,,,
,,,,,,,,,,,,,,,,,,,,,,,,,,
,,,,,,,,,,,,,,,,,,,,,,,,,,
,,,,,,,,,,,,,,,,,,,,,,,,,,
,,,,,,,,,,,,,,,,,,,,,,,,,,
,,,,,,,,,,,,,,,,,,,,,,,,,,
,,,,,,,,,,,,,,,,,,,,,,,,,,
,,,,,,,,,,,,,,,,,,,,,,,,,,
,,,,,,,,,,,,,,,,,,,,,,,,,,
,,,,,,,,,,,,,,,,,,,,,,,,,,
,,,,,,,,,,,,,,,,,,,,,,,,,,
,,,,,,,,,,,,,,,,,,,,,,,,,,
,,,,,,,,,,,,,,,,,,,,,,,,,,
,,,,,,,,,,,,,,,,,,,,,,,,,,
,,,,,,,,,,,,,,,,,,,,,,,,,,
,,,,,,,,,,,,,,,,,,,,,,,,,,
,,,,,,,,,,,,,,,,,,,,,,,,,,
,,,,,,,,,,,,,,,,,,,,,,,,,,
,,,,,,,,,,,,,,,,,,,,,,,,,,
,,,,,,,,,,,,,,,,,,,,,,,,,,
,,,,,,,,,,,,,,,,,,,,,,,,,,
,,,,,,,,,,,,,,,,,,,,,,,,,,
,,,,,,,,,,,,,,,,,,,,,,,,,,
,,,,,,,,,,,,,,,,,,,,,,,,,,
,,,,,,,,,,,,,,,,,,,,,,,,,,
,,,,,,,,,,,,,,,,,,,,,,,,,,
,,,,,,,,,,,,,,,,,,,,,,,,,,
,,,,,,,,,,,,,,,,,,,,,,,,,,
,,,,,,,,,,,,,,,,,,,,,,,,,,
,,,,,,,,,,,,,,,,,,,,,,,,,,
,,,,,,,,,,,,,,,,,,,,,,,,,,
,,,,,,,,,,,,,,,,,,,,,,,,,,
,,,,,,,,,,,,,,,,,,,,,,,,,,
,,,,,,,,,,,,,,,,,,,,,,,,,,
,,,,,,,,,,,,,,,,,,,,,,,,,,
,,,,,,,,,,,,,,,,,,,,,,,,,,
,,,,,,,,,,,,,,,,,,,,,,,,,,
,,,,,,,,,,,,,,,,,,,,,,,,,,
,,,,,,,,,,,,,,,,,,,,,,,,,,
,,,,,,,,,,,,,,,,,,,,,,,,,,
,,,,,,,,,,,,,,,,,,,,,,,,,,
,,,,,,,,,,,,,,,,,,,,,,,,,,
,,,,,,,,,,,,,,,,,,,,,,,,,,
,,,,,,,,,,,,,,,,,,,,,,,,,,
,,,,,,,,,,,,,,,,,,,,,,,,,,
,,,,,,,,,,,,,,,,,,,,,,,,,,
,,,,,,,,,,,,,,,,,,,,,,,,,,
,,,,,,,,,,,,,,,,,,,,,,,,,,
,,,,,,,,,,,,,,,,,,,,,,,,,,
,,,,,,,,,,,,,,,,,,,,,,,,,,
,,,,,,,,,,,,,,,,,,,,,,,,,,
,,,,,,,,,,,,,,,,,,,,,,,,,,
,,,,,,,,,,,,,,,,,,,,,,,,,,
,,,,,,,,,,,,,,,,,,,,,,,,,,
,,,,,,,,,,,,,,,,,,,,,,,,,,
,,,,,,,,,,,,,,,,,,,,,,,,,,
,,,,,,,,,,,,,,,,,,,,,,,,,,
,,,,,,,,,,,,,,,,,,,,,,,,,,
,,,,,,,,,,,,,,,,,,,,,,,,,,
,,,,,,,,,,,,,,,,,,,,,,,,,,
,,,,,,,,,,,,,,,,,,,,,,,,,,
,,,,,,,,,,,,,,,,,,,,,,,,,,
,,,,,,,,,,,,,,,,,,,,,,,,,,
,,,,,,,,,,,,,,,,,,,,,,,,,,
,,,,,,,,,,,,,,,,,,,,,,,,,,
,,,,,,,,,,,,,,,,,,,,,,,,,,
,,,,,,,,,,,,,,,,,,,,,,,,,,
,,,,,,,,,,,,,,,,,,,,,,,,,,
,,,,,,,,,,,,,,,,,,,,,,,,,,
,,,,,,,,,,,,,,,,,,,,,,,,,,
,,,,,,,,,,,,,,,,,,,,,,,,,,
,,,,,,,,,,,,,,,,,,,,,,,,,,
,,,,,,,,,,,,,,,,,,,,,,,,,,
,,,,,,,,,,,,,,,,,,,,,,,,,,
,,,,,,,,,,,,,,,,,,,,,,,,,,
,,,,,,,,,,,,,,,,,,,,,,,,,,
,,,,,,,,,,,,,,,,,,,,,,,,,,
,,,,,,,,,,,,,,,,,,,,,,,,,,
,,,,,,,,,,,,,,,,,,,,,,,,,,
,,,,,,,,,,,,,,,,,,,,,,,,,,
,,,,,,,,,,,,,,,,,,,,,,,,,,
,,,,,,,,,,,,,,,,,,,,,,,,,,
,,,,,,,,,,,,,,,,,,,,,,,,,,
,,,,,,,,,,,,,,,,,,,,,,,,,,
,,,,,,,,,,,,,,,,,,,,,,,,,,
,,,,,,,,,,,,,,,,,,,,,,,,,,
,,,,,,,,,,,,,,,,,,,,,,,,,,
,,,,,,,,,,,,,,,,,,,,,,,,,,
,,,,,,,,,,,,,,,,,,,,,,,,,,
,,,,,,,,,,,,,,,,,,,,,,,,,,
,,,,,,,,,,,,,,,,,,,,,,,,,,
,,,,,,,,,,,,,,,,,,,,,,,,,,
,,,,,,,,,,,,,,,,,,,,,,,,,,
,,,,,,,,,,,,,,,,,,,,,,,,,,
,,,,,,,,,,,,,,,,,,,,,,,,,,
,,,,,,,,,,,,,,,,,,,,,,,,,,
,,,,,,,,,,,,,,,,,,,,,,,,,,
,,,,,,,,,,,,,,,,,,,,,,,,,,
,,,,,,,,,,,,,,,,,,,,,,,,,,
,,,,,,,,,,,,,,,,,,,,,,,,,,
,,,,,,,,,,,,,,,,,,,,,,,,,,
,,,,,,,,,,,,,,,,,,,,,,,,,,
,,,,,,,,,,,,,,,,,,,,,,,,,,
,,,,,,,,,,,,,,,,,,,,,,,,,,
,,,,,,,,,,,,,,,,,,,,,,,,,,
,,,,,,,,,,,,,,,,,,,,,,,,,,
,,,,,,,,,,,,,,,,,,,,,,,,,,
,,,,,,,,,,,,,,,,,,,,,,,,,,
,,,,,,,,,,,,,,,,,,,,,,,,,,
,,,,,,,,,,,,,,,,,,,,,,,,,,
,,,,,,,,,,,,,,,,,,,,,,,,,,
,,,,,,,,,,,,,,,,,,,,,,,,,,
,,,,,,,,,,,,,,,,,,,,,,,,,,
,,,,,,,,,,,,,,,,,,,,,,,,,,
,,,,,,,,,,,,,,,,,,,,,,,,,,
,,,,,,,,,,,,,,,,,,,,,,,,,,
,,,,,,,,,,,,,,,,,,,,,,,,,,
,,,,,,,,,,,,,,,,,,,,,,,,,,
,,,,,,,,,,,,,,,,,,,,,,,,,,
,,,,,,,,,,,,,,,,,,,,,,,,,,
,,,,,,,,,,,,,,,,,,,,,,,,,,
,,,,,,,,,,,,,,,,,,,,,,,,,,
,,,,,,,,,,,,,,,,,,,,,,,,,,
,,,,,,,,,,,,,,,,,,,,,,,,,,
,,,,,,,,,,,,,,,,,,,,,,,,,,
,,,,,,,,,,,,,,,,,,,,,,,,,,
,,,,,,,,,,,,,,,,,,,,,,,,,,
,,,,,,,,,,,,,,,,,,,,,,,,,,
,,,,,,,,,,,,,,,,,,,,,,,,,,
,,,,,,,,,,,,,,,,,,,,,,,,,,
,,,,,,,,,,,,,,,,,,,,,,,,,,
,,,,,,,,,,,,,,,,,,,,,,,,,,
,,,,,,,,,,,,,,,,,,,,,,,,,,
,,,,,,,,,,,,,,,,,,,,,,,,,,
,,,,,,,,,,,,,,,,,,,,,,,,,,
,,,,,,,,,,,,,,,,,,,,,,,,,,
,,,,,,,,,,,,,,,,,,,,,,,,,,
,,,,,,,,,,,,,,,,,,,,,,,,,,
,,,,,,,,,,,,,,,,,,,,,,,,,,
,,,,,,,,,,,,,,,,,,,,,,,,,,
,,,,,,,,,,,,,,,,,,,,,,,,,,
,,,,,,,,,,,,,,,,,,,,,,,,,,
,,,,,,,,,,,,,,,,,,,,,,,,,,
,,,,,,,,,,,,,,,,,,,,,,,,,,
,,,,,,,,,,,,,,,,,,,,,,,,,,
,,,,,,,,,,,,,,,,,,,,,,,,,,
,,,,,,,,,,,,,,,,,,,,,,,,,,
,,,,,,,,,,,,,,,,,,,,,,,,,,
,,,,,,,,,,,,,,,,,,,,,,,,,,
,,,,,,,,,,,,,,,,,,,,,,,,,,
,,,,,,,,,,,,,,,,,,,,,,,,,,
,,,,,,,,,,,,,,,,,,,,,,,,,,
,,,,,,,,,,,,,,,,,,,,,,,,,,
,,,,,,,,,,,,,,,,,,,,,,,,,,
,,,,,,,,,,,,,,,,,,,,,,,,,,
,,,,,,,,,,,,,,,,,,,,,,,,,,
,,,,,,,,,,,,,,,,,,,,,,,,,,
,,,,,,,,,,,,,,,,,,,,,,,,,,
,,,,,,,,,,,,,,,,,,,,,,,,,,
,,,,,,,,,,,,,,,,,,,,,,,,,,
,,,,,,,,,,,,,,,,,,,,,,,,,,
,,,,,,,,,,,,,,,,,,,,,,,,,,
,,,,,,,,,,,,,,,,,,,,,,,,,,
,,,,,,,,,,,,,,,,,,,,,,,,,,
,,,,,,,,,,,,,,,,,,,,,,,,,,
,,,,,,,,,,,,,,,,,,,,,,,,,,
,,,,,,,,,,,,,,,,,,,,,,,,,,
,,,,,,,,,,,,,,,,,,,,,,,,,,
,,,,,,,,,,,,,,,,,,,,,,,,,,
,,,,,,,,,,,,,,,,,,,,,,,,,,
,,,,,,,,,,,,,,,,,,,,,,,,,,
,,,,,,,,,,,,,,,,,,,,,,,,,,
,,,,,,,,,,,,,,,,,,,,,,,,,,
,,,,,,,,,,,,,,,,,,,,,,,,,,
,,,,,,,,,,,,,,,,,,,,,,,,,,
,,,,,,,,,,,,,,,,,,,,,,,,,,
,,,,,,,,,,,,,,,,,,,,,,,,,,
,,,,,,,,,,,,,,,,,,,,,,,,,,
,,,,,,,,,,,,,,,,,,,,,,,,,,
,,,,,,,,,,,,,,,,,,,,,,,,,,
,,,,,,,,,,,,,,,,,,,,,,,,,,
,,,,,,,,,,,,,,,,,,,,,,,,,,
,,,,,,,,,,,,,,,,,,,,,,,,,,
,,,,,,,,,,,,,,,,,,,,,,,,,,
,,,,,,,,,,,,,,,,,,,,,,,,,,
,,,,,,,,,,,,,,,,,,,,,,,,,,
,,,,,,,,,,,,,,,,,,,,,,,,,,
,,,,,,,,,,,,,,,,,,,,,,,,,,
,,,,,,,,,,,,,,,,,,,,,,,,,,
,,,,,,,,,,,,,,,,,,,,,,,,,,
,,,,,,,,,,,,,,,,,,,,,,,,,,
,,,,,,,,,,,,,,,,,,,,,,,,,,
,,,,,,,,,,,,,,,,,,,,,,,,,,
,,,,,,,,,,,,,,,,,,,,,,,,,,
,,,,,,,,,,,,,,,,,,,,,,,,,,
,,,,,,,,,,,,,,,,,,,,,,,,,,
,,,,,,,,,,,,,,,,,,,,,,,,,,
,,,,,,,,,,,,,,,,,,,,,,,,,,
,,,,,,,,,,,,,,,,,,,,,,,,,,
,,,,,,,,,,,,,,,,,,,,,,,,,,
,,,,,,,,,,,,,,,,,,,,,,,,,,
,,,,,,,,,,,,,,,,,,,,,,,,,,
,,,,,,,,,,,,,,,,,,,,,,,,,,
,,,,,,,,,,,,,,,,,,,,,,,,,,
,,,,,,,,,,,,,,,,,,,,,,,,,,
,,,,,,,,,,,,,,,,,,,,,,,,,,
,,,,,,,,,,,,,,,,,,,,,,,,,,
,,,,,,,,,,,,,,,,,,,,,,,,,,
,,,,,,,,,,,,,,,,,,,,,,,,,,
,,,,,,,,,,,,,,,,,,,,,,,,,,
,,,,,,,,,,,,,,,,,,,,,,,,,,
,,,,,,,,,,,,,,,,,,,,,,,,,,
,,,,,,,,,,,,,,,,,,,,,,,,,,
,,,,,,,,,,,,,,,,,,,,,,,,,,
,,,,,,,,,,,,,,,,,,,,,,,,,,
,,,,,,,,,,,,,,,,,,,,,,,,,,
,,,,,,,,,,,,,,,,,,,,,,,,,,
,,,,,,,,,,,,,,,,,,,,,,,,,,
,,,,,,,,,,,,,,,,,,,,,,,,,,
,,,,,,,,,,,,,,,,,,,,,,,,,,
,,,,,,,,,,,,,,,,,,,,,,,,,,
,,,,,,,,,,,,,,,,,,,,,,,,,,
,,,,,,,,,,,,,,,,,,,,,,,,,,
,,,,,,,,,,,,,,,,,,,,,,,,,,
,,,,,,,,,,,,,,,,,,,,,,,,,,
,,,,,,,,,,,,,,,,,,,,,,,,,,
,,,,,,,,,,,,,,,,,,,,,,,,,,
,,,,,,,,,,,,,,,,,,,,,,,,,,
,,,,,,,,,,,,,,,,,,,,,,,,,,
,,,,,,,,,,,,,,,,,,,,,,,,,,
,,,,,,,,,,,,,,,,,,,,,,,,,,
,,,,,,,,,,,,,,,,,,,,,,,,,,
,,,,,,,,,,,,,,,,,,,,,,,,,,
,,,,,,,,,,,,,,,,,,,,,,,,,,
,,,,,,,,,,,,,,,,,,,,,,,,,,
,,,,,,,,,,,,,,,,,,,,,,,,,,
,,,,,,,,,,,,,,,,,,,,,,,,,,
,,,,,,,,,,,,,,,,,,,,,,,,,,
,,,,,,,,,,,,,,,,,,,,,,,,,,
,,,,,,,,,,,,,,,,,,,,,,,,,,
,,,,,,,,,,,,,,,,,,,,,,,,,,
,,,,,,,,,,,,,,,,,,,,,,,,,,
,,,,,,,,,,,,,,,,,,,,,,,,,,
,,,,,,,,,,,,,,,,,,,,,,,,,,
,,,,,,,,,,,,,,,,,,,,,,,,,,
,,,,,,,,,,,,,,,,,,,,,,,,,,
,,,,,,,,,,,,,,,,,,,,,,,,,,
,,,,,,,,,,,,,,,,,,,,,,,,,,
,,,,,,,,,,,,,,,,,,,,,,,,,,
,,,,,,,,,,,,,,,,,,,,,,,,,,
,,,,,,,,,,,,,,,,,,,,,,,,,,
,,,,,,,,,,,,,,,,,,,,,,,,,,
,,,,,,,,,,,,,,,,,,,,,,,,,,
,,,,,,,,,,,,,,,,,,,,,,,,,,
,,,,,,,,,,,,,,,,,,,,,,,,,,
,,,,,,,,,,,,,,,,,,,,,,,,,,
,,,,,,,,,,,,,,,,,,,,,,,,,,
,,,,,,,,,,,,,,,,,,,,,,,,,,
,,,,,,,,,,,,,,,,,,,,,,,,,,
,,,,,,,,,,,,,,,,,,,,,,,,,,
,,,,,,,,,,,,,,,,,,,,,,,,,,
,,,,,,,,,,,,,,,,,,,,,,,,,,
,,,,,,,,,,,,,,,,,,,,,,,,,,
,,,,,,,,,,,,,,,,,,,,,,,,,,
,,,,,,,,,,,,,,,,,,,,,,,,,,
,,,,,,,,,,,,,,,,,,,,,,,,,,
,,,,,,,,,,,,,,,,,,,,,,,,,,
,,,,,,,,,,,,,,,,,,,,,,,,,,
,,,,,,,,,,,,,,,,,,,,,,,,,,
,,,,,,,,,,,,,,,,,,,,,,,,,,
,,,,,,,,,,,,,,,,,,,,,,,,,,
,,,,,,,,,,,,,,,,,,,,,,,,,,
,,,,,,,,,,,,,,,,,,,,,,,,,,
,,,,,,,,,,,,,,,,,,,,,,,,,,
,,,,,,,,,,,,,,,,,,,,,,,,,,
,,,,,,,,,,,,,,,,,,,,,,,,,,
,,,,,,,,,,,,,,,,,,,,,,,,,,
,,,,,,,,,,,,,,,,,,,,,,,,,,
,,,,,,,,,,,,,,,,,,,,,,,,,,
,,,,,,,,,,,,,,,,,,,,,,,,,,
,,,,,,,,,,,,,,,,,,,,,,,,,,
,,,,,,,,,,,,,,,,,,,,,,,,,,
,,,,,,,,,,,,,,,,,,,,,,,,,,
,,,,,,,,,,,,,,,,,,,,,,,,,,
,,,,,,,,,,,,,,,,,,,,,,,,,,
,,,,,,,,,,,,,,,,,,,,,,,,,,
,,,,,,,,,,,,,,,,,,,,,,,,,,
,,,,,,,,,,,,,,,,,,,,,,,,,,
,,,,,,,,,,,,,,,,,,,,,,,,,,
,,,,,,,,,,,,,,,,,,,,,,,,,,
,,,,,,,,,,,,,,,,,,,,,,,,,,
,,,,,,,,,,,,,,,,,,,,,,,,,,
,,,,,,,,,,,,,,,,,,,,,,,,,,
,,,,,,,,,,,,,,,,,,,,,,,,,,
,,,,,,,,,,,,,,,,,,,,,,,,,,
,,,,,,,,,,,,,,,,,,,,,,,,,,
,,,,,,,,,,,,,,,,,,,,,,,,,,
,,,,,,,,,,,,,,,,,,,,,,,,,,
,,,,,,,,,,,,,,,,,,,,,,,,,,
,,,,,,,,,,,,,,,,,,,,,,,,,,
,,,,,,,,,,,,,,,,,,,,,,,,,,
,,,,,,,,,,,,,,,,,,,,,,,,,,
,,,,,,,,,,,,,,,,,,,,,,,,,,
,,,,,,,,,,,,,,,,,,,,,,,,,,
,,,,,,,,,,,,,,,,,,,,,,,,,,
,,,,,,,,,,,,,,,,,,,,,,,,,,
,,,,,,,,,,,,,,,,,,,,,,,,,,
,,,,,,,,,,,,,,,,,,,,,,,,,,
,,,,,,,,,,,,,,,,,,,,,,,,,,
,,,,,,,,,,,,,,,,,,,,,,,,,,
,,,,,,,,,,,,,,,,,,,,,,,,,,
,,,,,,,,,,,,,,,,,,,,,,,,,,
,,,,,,,,,,,,,,,,,,,,,,,,,,
,,,,,,,,,,,,,,,,,,,,,,,,,,
,,,,,,,,,,,,,,,,,,,,,,,,,,
,,,,,,,,,,,,,,,,,,,,,,,,,,
,,,,,,,,,,,,,,,,,,,,,,,,,,
,,,,,,,,,,,,,,,,,,,,,,,,,,
,,,,,,,,,,,,,,,,,,,,,,,,,,
,,,,,,,,,,,,,,,,,,,,,,,,,,
,,,,,,,,,,,,,,,,,,,,,,,,,,
,,,,,,,,,,,,,,,,,,,,,,,,,,
,,,,,,,,,,,,,,,,,,,,,,,,,,
,,,,,,,,,,,,,,,,,,,,,,,,,,
,,,,,,,,,,,,,,,,,,,,,,,,,,
,,,,,,,,,,,,,,,,,,,,,,,,,,
,,,,,,,,,,,,,,,,,,,,,,,,,,
,,,,,,,,,,,,,,,,,,,,,,,,,,
,,,,,,,,,,,,,,,,,,,,,,,,,,
,,,,,,,,,,,,,,,,,,,,,,,,,,
,,,,,,,,,,,,,,,,,,,,,,,,,,
,,,,,,,,,,,,,,,,,,,,,,,,,,
,,,,,,,,,,,,,,,,,,,,,,,,,,
,,,,,,,,,,,,,,,,,,,,,,,,,,
,,,,,,,,,,,,,,,,,,,,,,,,,,
,,,,,,,,,,,,,,,,,,,,,,,,,,
,,,,,,,,,,,,,,,,,,,,,,,,,,
,,,,,,,,,,,,,,,,,,,,,,,,,,
,,,,,,,,,,,,,,,,,,,,,,,,,,
,,,,,,,,,,,,,,,,,,,,,,,,,,
,,,,,,,,,,,,,,,,,,,,,,,,,,
,,,,,,,,,,,,,,,,,,,,,,,,,,
,,,,,,,,,,,,,,,,,,,,,,,,,,
,,,,,,,,,,,,,,,,,,,,,,,,,,
,,,,,,,,,,,,,,,,,,,,,,,,,,
,,,,,,,,,,,,,,,,,,,,,,,,,,
,,,,,,,,,,,,,,,,,,,,,,,,,,
,,,,,,,,,,,,,,,,,,,,,,,,,,
,,,,,,,,,,,,,,,,,,,,,,,,,,
,,,,,,,,,,,,,,,,,,,,,,,,,,
,,,,,,,,,,,,,,,,,,,,,,,,,,
,,,,,,,,,,,,,,,,,,,,,,,,,,
,,,,,,,,,,,,,,,,,,,,,,,,,,
,,,,,,,,,,,,,,,,,,,,,,,,,,
,,,,,,,,,,,,,,,,,,,,,,,,,,
,,,,,,,,,,,,,,,,,,,,,,,,,,
,,,,,,,,,,,,,,,,,,,,,,,,,,
,,,,,,,,,,,,,,,,,,,,,,,,,,
,,,,,,,,,,,,,,,,,,,,,,,,,,
,,,,,,,,,,,,,,,,,,,,,,,,,,
,,,,,,,,,,,,,,,,,,,,,,,,,,
,,,,,,,,,,,,,,,,,,,,,,,,,,
,,,,,,,,,,,,,,,,,,,,,,,,,,
,,,,,,,,,,,,,,,,,,,,,,,,,,
,,,,,,,,,,,,,,,,,,,,,,,,,,
,,,,,,,,,,,,,,,,,,,,,,,,,,
,,,,,,,,,,,,,,,,,,,,,,,,,,
,,,,,,,,,,,,,,,,,,,,,,,,,,
,,,,,,,,,,,,,,,,,,,,,,,,,,
,,,,,,,,,,,,,,,,,,,,,,,,,,
,,,,,,,,,,,,,,,,,,,,,,,,,,
,,,,,,,,,,,,,,,,,,,,,,,,,,
,,,,,,,,,,,,,,,,,,,,,,,,,,
,,,,,,,,,,,,,,,,,,,,,,,,,,
,,,,,,,,,,,,,,,,,,,,,,,,,,
,,,,,,,,,,,,,,,,,,,,,,,,,,
,,,,,,,,,,,,,,,,,,,,,,,,,,
,,,,,,,,,,,,,,,,,,,,,,,,,,
,,,,,,,,,,,,,,,,,,,,,,,,,,
,,,,,,,,,,,,,,,,,,,,,,,,,,
,,,,,,,,,,,,,,,,,,,,,,,,,,
,,,,,,,,,,,,,,,,,,,,,,,,,,
,,,,,,,,,,,,,,,,,,,,,,,,,,
,,,,,,,,,,,,,,,,,,,,,,,,,,
,,,,,,,,,,,,,,,,,,,,,,,,,,
,,,,,,,,,,,,,,,,,,,,,,,,,,
,,,,,,,,,,,,,,,,,,,,,,,,,,
,,,,,,,,,,,,,,,,,,,,,,,,,,
,,,,,,,,,,,,,,,,,,,,,,,,,,
,,,,,,,,,,,,,,,,,,,,,,,,,,
,,,,,,,,,,,,,,,,,,,,,,,,,,
,,,,,,,,,,,,,,,,,,,,,,,,,,
,,,,,,,,,,,,,,,,,,,,,,,,,,
,,,,,,,,,,,,,,,,,,,,,,,,,,
,,,,,,,,,,,,,,,,,,,,,,,,,,
,,,,,,,,,,,,,,,,,,,,,,,,,,
,,,,,,,,,,,,,,,,,,,,,,,,,,
,,,,,,,,,,,,,,,,,,,,,,,,,,
,,,,,,,,,,,,,,,,,,,,,,,,,,
,,,,,,,,,,,,,,,,,,,,,,,,,,
,,,,,,,,,,,,,,,,,,,,,,,,,,
,,,,,,,,,,,,,,,,,,,,,,,,,,
,,,,,,,,,,,,,,,,,,,,,,,,,,
,,,,,,,,,,,,,,,,,,,,,,,,,,
,,,,,,,,,,,,,,,,,,,,,,,,,,
,,,,,,,,,,,,,,,,,,,,,,,,,,
,,,,,,,,,,,,,,,,,,,,,,,,,,
,,,,,,,,,,,,,,,,,,,,,,,,,,
,,,,,,,,,,,,,,,,,,,,,,,,,,
,,,,,,,,,,,,,,,,,,,,,,,,,,
,,,,,,,,,,,,,,,,,,,,,,,,,,
,,,,,,,,,,,,,,,,,,,,,,,,,,
,,,,,,,,,,,,,,,,,,,,,,,,,,
,,,,,,,,,,,,,,,,,,,,,,,,,,
,,,,,,,,,,,,,,,,,,,,,,,,,,
,,,,,,,,,,,,,,,,,,,,,,,,,,
,,,,,,,,,,,,,,,,,,,,,,,,,,
,,,,,,,,,,,,,,,,,,,,,,,,,,
,,,,,,,,,,,,,,,,,,,,,,,,,,
,,,,,,,,,,,,,,,,,,,,,,,,,,
,,,,,,,,,,,,,,,,,,,,,,,,,,
,,,,,,,,,,,,,,,,,,,,,,,,,,
,,,,,,,,,,,,,,,,,,,,,,,,,,
,,,,,,,,,,,,,,,,,,,,,,,,,,
,,,,,,,,,,,,,,,,,,,,,,,,,,
,,,,,,,,,,,,,,,,,,,,,,,,,,
,,,,,,,,,,,,,,,,,,,,,,,,,,
,,,,,,,,,,,,,,,,,,,,,,,,,,
,,,,,,,,,,,,,,,,,,,,,,,,,,
,,,,,,,,,,,,,,,,,,,,,,,,,,
,,,,,,,,,,,,,,,,,,,,,,,,,,
,,,,,,,,,,,,,,,,,,,,,,,,,,
,,,,,,,,,,,,,,,,,,,,,,,,,,
,,,,,,,,,,,,,,,,,,,,,,,,,,
,,,,,,,,,,,,,,,,,,,,,,,,,,
,,,,,,,,,,,,,,,,,,,,,,,,,,
,,,,,,,,,,,,,,,,,,,,,,,,,,
,,,,,,,,,,,,,,,,,,,,,,,,,,
,,,,,,,,,,,,,,,,,,,,,,,,,,
,,,,,,,,,,,,,,,,,,,,,,,,,,
,,,,,,,,,,,,,,,,,,,,,,,,,,
,,,,,,,,,,,,,,,,,,,,,,,,,,
,,,,,,,,,,,,,,,,,,,,,,,,,,
,,,,,,,,,,,,,,,,,,,,,,,,,,
,,,,,,,,,,,,,,,,,,,,,,,,,,
,,,,,,,,,,,,,,,,,,,,,,,,,,
,,,,,,,,,,,,,,,,,,,,,,,,,,
,,,,,,,,,,,,,,,,,,,,,,,,,,
,,,,,,,,,,,,,,,,,,,,,,,,,,
,,,,,,,,,,,,,,,,,,,,,,,,,,
,,,,,,,,,,,,,,,,,,,,,,,,,,
,,,,,,,,,,,,,,,,,,,,,,,,,,
,,,,,,,,,,,,,,,,,,,,,,,,,,
,,,,,,,,,,,,,,,,,,,,,,,,,,
,,,,,,,,,,,,,,,,,,,,,,,,,,
,,,,,,,,,,,,,,,,,,,,,,,,,,
,,,,,,,,,,,,,,,,,,,,,,,,,,
,,,,,,,,,,,,,,,,,,,,,,,,,,
,,,,,,,,,,,,,,,,,,,,,,,,,,
,,,,,,,,,,,,,,,,,,,,,,,,,,
,,,,,,,,,,,,,,,,,,,,,,,,,,
,,,,,,,,,,,,,,,,,,,,,,,,,,
,,,,,,,,,,,,,,,,,,,,,,,,,,
,,,,,,,,,,,,,,,,,,,,,,,,,,
,,,,,,,,,,,,,,,,,,,,,,,,,,
,,,,,,,,,,,,,,,,,,,,,,,,,,
,,,,,,,,,,,,,,,,,,,,,,,,,,
,,,,,,,,,,,,,,,,,,,,,,,,,,
,,,,,,,,,,,,,,,,,,,,,,,,,,
,,,,,,,,,,,,,,,,,,,,,,,,,,
,,,,,,,,,,,,,,,,,,,,,,,,,,
,,,,,,,,,,,,,,,,,,,,,,,,,,
,,,,,,,,,,,,,,,,,,,,,,,,,,
,,,,,,,,,,,,,,,,,,,,,,,,,,
,,,,,,,,,,,,,,,,,,,,,,,,,,
,,,,,,,,,,,,,,,,,,,,,,,,,,
,,,,,,,,,,,,,,,,,,,,,,,,,,
,,,,,,,,,,,,,,,,,,,,,,,,,,
,,,,,,,,,,,,,,,,,,,,,,,,,,
,,,,,,,,,,,,,,,,,,,,,,,,,,
,,,,,,,,,,,,,,,,,,,,,,,,,,
,,,,,,,,,,,,,,,,,,,,,,,,,,
,,,,,,,,,,,,,,,,,,,,,,,,,,
,,,,,,,,,,,,,,,,,,,,,,,,,,
,,,,,,,,,,,,,,,,,,,,,,,,,,
,,,,,,,,,,,,,,,,,,,,,,,,,,
,,,,,,,,,,,,,,,,,,,,,,,,,,
,,,,,,,,,,,,,,,,,,,,,,,,,,
,,,,,,,,,,,,,,,,,,,,,,,,,,
,,,,,,,,,,,,,,,,,,,,,,,,,,
,,,,,,,,,,,,,,,,,,,,,,,,,,
,,,,,,,,,,,,,,,,,,,,,,,,,,
,,,,,,,,,,,,,,,,,,,,,,,,,,
,,,,,,,,,,,,,,,,,,,,,,,,,,
,,,,,,,,,,,,,,,,,,,,,,,,,,
,,,,,,,,,,,,,,,,,,,,,,,,,,
,,,,,,,,,,,,,,,,,,,,,,,,,,
,,,,,,,,,,,,,,,,,,,,,,,,,,
,,,,,,,,,,,,,,,,,,,,,,,,,,
,,,,,,,,,,,,,,,,,,,,,,,,,,
,,,,,,,,,,,,,,,,,,,,,,,,,,
,,,,,,,,,,,,,,,,,,,,,,,,,,
,,,,,,,,,,,,,,,,,,,,,,,,,,
,,,,,,,,,,,,,,,,,,,,,,,,,,
,,,,,,,,,,,,,,,,,,,,,,,,,,
,,,,,,,,,,,,,,,,,,,,,,,,,,
,,,,,,,,,,,,,,,,,,,,,,,,,,
,,,,,,,,,,,,,,,,,,,,,,,,,,
,,,,,,,,,,,,,,,,,,,,,,,,,,
,,,,,,,,,,,,,,,,,,,,,,,,,,
,,,,,,,,,,,,,,,,,,,,,,,,,,
,,,,,,,,,,,,,,,,,,,,,,,,,,
,,,,,,,,,,,,,,,,,,,,,,,,,,
,,,,,,,,,,,,,,,,,,,,,,,,,,
,,,,,,,,,,,,,,,,,,,,,,,,,,
,,,,,,,,,,,,,,,,,,,,,,,,,,
,,,,,,,,,,,,,,,,,,,,,,,,,,
,,,,,,,,,,,,,,,,,,,,,,,,,,
,,,,,,,,,,,,,,,,,,,,,,,,,,
,,,,,,,,,,,,,,,,,,,,,,,,,,
,,,,,,,,,,,,,,,,,,,,,,,,,,
,,,,,,,,,,,,,,,,,,,,,,,,,,
,,,,,,,,,,,,,,,,,,,,,,,,,,
,,,,,,,,,,,,,,,,,,,,,,,,,,
,,,,,,,,,,,,,,,,,,,,,,,,,,
,,,,,,,,,,,,,,,,,,,,,,,,,,
,,,,,,,,,,,,,,,,,,,,,,,,,,
,,,,,,,,,,,,,,,,,,,,,,,,,,
,,,,,,,,,,,,,,,,,,,,,,,,,,
,,,,,,,,,,,,,,,,,,,,,,,,,,
,,,,,,,,,,,,,,,,,,,,,,,,,,
,,,,,,,,,,,,,,,,,,,,,,,,,,
,,,,,,,,,,,,,,,,,,,,,,,,,,
,,,,,,,,,,,,,,,,,,,,,,,,,,
,,,,,,,,,,,,,,,,,,,,,,,,,,
,,,,,,,,,,,,,,,,,,,,,,,,,,
,,,,,,,,,,,,,,,,,,,,,,,,,,
,,,,,,,,,,,,,,,,,,,,,,,,,,
,,,,,,,,,,,,,,,,,,,,,,,,,,
,,,,,,,,,,,,,,,,,,,,,,,,,,
,,,,,,,,,,,,,,,,,,,,,,,,,,
,,,,,,,,,,,,,,,,,,,,,,,,,,
,,,,,,,,,,,,,,,,,,,,,,,,,,
,,,,,,,,,,,,,,,,,,,,,,,,,,
,,,,,,,,,,,,,,,,,,,,,,,,,,
,,,,,,,,,,,,,,,,,,,,,,,,,,
,,,,,,,,,,,,,,,,,,,,,,,,,,
,,,,,,,,,,,,,,,,,,,,,,,,,,
,,,,,,,,,,,,,,,,,,,,,,,,,,
,,,,,,,,,,,,,,,,,,,,,,,,,,
,,,,,,,,,,,,,,,,,,,,,,,,,,
,,,,,,,,,,,,,,,,,,,,,,,,,,
,,,,,,,,,,,,,,,,,,,,,,,,,,
,,,,,,,,,,,,,,,,,,,,,,,,,,
,,,,,,,,,,,,,,,,,,,,,,,,,,
,,,,,,,,,,,,,,,,,,,,,,,,,,
,,,,,,,,,,,,,,,,,,,,,,,,,,
,,,,,,,,,,,,,,,,,,,,,,,,,,
,,,,,,,,,,,,,,,,,,,,,,,,,,
,,,,,,,,,,,,,,,,,,,,,,,,,,
,,,,,,,,,,,,,,,,,,,,,,,,,,
,,,,,,,,,,,,,,,,,,,,,,,,,,
,,,,,,,,,,,,,,,,,,,,,,,,,,Б